,dissimilarity_180,correlation_180,homogeneity_180,contrast_180,ASM_180,energy_180,label
0,6.218011293817104,0.9731728001251475,0.24183226536042557,117.23442855872469,0.00036282952162730657,0.019048084460840324,CaliforniaA2
1,6.599816283469155,0.9673043400447036,0.237201362514522,138.85656468277077,0.00036635740342568196,0.019140465078615044,CaliforniaA3
2,6.88930017947226,0.9677518009202258,0.2212691564223413,143.01899717856693,0.0003000005851578533,0.01732052496773274,CaliforniaA1
3,5.311140821045146,0.9843524373718926,0.26685497512670464,88.74056254850605,0.0004657122933927006,0.021580368240433263,CaliforniaB1
4,5.612760315612473,0.983788853355941,0.26892093272660683,89.65423497930416,0.0005824044437040308,0.024133057073318143,CaliforniaB2
5,6.106608136075544,0.9781128948449137,0.24071402734490566,117.8222335402924,0.0003926970125803427,0.019816584281362484,CaliforniaB3
6,8.320510566226885,0.957412995045143,0.19355698424410195,207.75668069298942,0.0002433706342076064,0.015600340836264008,CaliforniaSuper1
7,8.320510566226885,0.957412995045143,0.19355698424410195,207.75668069298942,0.0002433706342076064,0.015600340836264008,CaliforniaSuper3
8,6.880459958284831,0.972185708869842,0.21969170090267473,151.0608598903765,0.0002750211966178794,0.01658376304153793,CaliforniaSuper2
